{"vlnmOyyQDB/PNlZ0ZEjdKA==":"herobg-800x448.jpg","CQYGQTc7YDJPqlBSIcUH1A==":"vit-silver-jubilee-tower-1600x1067.jpg","JIQpnA+KUzPWaaZNoYJmjg==":"global-warming-700x500.jpg","xscU8e12KD7RgoJ5Z6On+w==":"global_warming-551x366.jpg","nx1YlwXyeNmkeBLNkCeWMA==":"appam-580x430.jpg","ma/uLBdYUUdR2lIJNkNwFQ==":"b236b3a2-732d-44f1-90ca-963a582f2a6a--2016-0412_palak-paneer_bobbi-lin-753x502.jpg","husRZ2tBPMcZyYNTjfEhoA==":"dosas-538x340.jpg","DhVedvf1oyin70ebfShswg==":"pexels-photo-5184x3456.jpg","V6NMt2Fe2Bcd8U5b0yeBqA==":"current-effects-of-global-warming-1400x788.jpg","y2CPxR8foRopUemQKaW/Mw==":"airbrush-1920x1920.jpg","QHyY5pu6sGi8VGWVso9doA==":"1-862x480.jpg","qDcIlrDOA6rwJDlqkB0cPA==":"vit_logo-698x354.png","0yzp5EKeVkOHWY190ld0VQ==":"2015-06-21-niles-i-1920x1200.jpg","hhHuHbFiDYYiuk8ORmOcTQ==":"mbr-1613x1080.jpg","xFYp9JNkUTQnPhgudq0nwg==":"mbr-favicon.png"}